<?xml version="1.0" encoding="UTF-8"?>
<metadata modelVersion="1.1.0">
  <groupId>com.example</groupId>
  <artifactId>csv-to-parquet-converter</artifactId>
  <versioning>
    <lastUpdated>20250107231605</lastUpdated>
    <snapshot>
      <localCopy>true</localCopy>
    </snapshot>
    <snapshotVersions>
      <snapshotVersion>
        <extension>pom</extension>
        <value>1.0-SNAPSHOT</value>
        <updated>20250107231605</updated>
      </snapshotVersion>
      <snapshotVersion>
        <extension>jar</extension>
        <value>1.0-SNAPSHOT</value>
        <updated>20250107231605</updated>
      </snapshotVersion>
    </snapshotVersions>
  </versioning>
  <version>1.0-SNAPSHOT</version>
</metadata>
